{
  "IsEncrypted": false,
  "Values": {
    "AzureWebJobsStorage": "UseDevelopmentStorage=true",
    "FUNCTIONS_WORKER_RUNTIME": "python",
    
    "EventHubConnectionString":  "<your-connection-string>",
    "APPLICATIONINSIGHTS_CONNECTION_STRING": "<your-app-insights-connection-string>",
    
    "EventHubNamespace":  "<your-namespace>",
    "ResourceGroup":  "<your-resource-group>",
    "SubscriptionId":  "<your-subscription-id>",
    
    "MonitorConsumerGroup": "$Monitor",
    
    "AZURE_CLIENT_ID": "<optional-for-service-principal>",
    "AZURE_CLIENT_SECRET": "<optional-for-service-principal>",
    "AZURE_TENANT_ID": "<optional-for-service-principal>"
  }
}